tweet_id,created_at_dt,text_display,themes_list,primary_label,sentiment_label,llm_urgency_0_3,llm_severity_0_3,status,summary_1l,author,assigned_to,llm_summary,llm_reply_suggestion,routing_team
1343458257915031553,2020-12-28 07:26:23,"💩 à <BRAND:free> parce-que Débit Très instable, …

Free en France: vitesse, performances, pannes et commentaires des utilisateurs
👉 <URL>

#fing #internet #Free

via <BRAND:fingapp> <BRAND:outagedetect>","[""Reseau/Internet""]",Reseau/Internet,négatif,3,2,a_traiter,Problème d'instabilité de débit signalé,m_annuel,auto,L'utilisateur signale un problème d'instabilité du débit internet. Ils ont notifié leur dissatisfaction à propos de la vitesse et des pannes. La situation est inacceptable.,Nous sommes désolés pour cette expérience décevante. Nous allons régler ce problème en priorité. Veuillez nous donner vos coordonnées pour nous contacter. Merci d'avance.,Equipe SAV
1694675653205860558,2023-08-24 11:38:55,"Dans la lutte contre les installations sauvages et les infrastructures dégradées, la bonne formation des techniciens qui déploient la fibre est essentielle. J'étais ce matin aux côtés d'Idriss, formateur au centre de formation technique <BRAND:free> à Argenteuil, dans le Val-d'Oise. <URL>","[""Reseau/Internet""]",Reseau/Internet,positif,1,2,a_traiter,Importance de la formation des techniciens pour améliorer le réseau Free,jnbarrot,auto,"Le tweet met en avant l'importance de la formation de techniciens dans le déploiement de fibre pour combattre les installations sauvages et les infrastructures dégradées. Ainsi, on retrouve que des points positifs pour le réseau Free.",Nous sommes ravis d'entendre parler de nos efforts en matière de formation de nos techniciens. Nous continuons à travailler pour améliorer notre réseau dans toute la France. Vous pouvez consulter les zones couvertes et les évolutions prévues sur le site ou via l'appli Free Mobile.,Equipe Réseau
1695912123824546156,2023-08-27 21:32:13,"Hello <BRAND:free>, <BRAND:freebox> et <USER> je crois que nous allons avoir prochainement un gros problème de fibre / PBOE <URL>","[""Reseau/Internet""]",Reseau/Internet,négatif,2,2,a_traiter,Problème de fibre imminent.,rgaidot,auto,Le client prévient d'un gros problème de fibre/PBOE. Il semble en effet qu'il y ait une interruption imminente.,Nous sommes désolés pour l'inconvenient que vous expériez. Nous allons mener une enquête sur ce problème et nous contacterons le plus rapidement possible. Merci de votre patience.,Equipe SAV
1709659172361404776,2023-10-04 19:58:05,"Bonsoir <USER>, je suis chez <BRAND:free> et voici ma bande passante #Freebox ⤵️
Vous allez pouvoir vous moquer d'eux dans votre prochain spot publicitaire <USER>

<BRAND:freebox> <USER> <USER> <USER> 🤡 <URL>","[""Facturation"", ""facturation""]",Facturation,neutre,1,1,a_traiter,Question concernant un prélèvement bancaire lié à la facturation de votre Freebox.,EllaVerite,auto,"L'utilisateur a signalé que le prochain spot publicitaire devrait moquer sa bande passante avec la Freebox. Cependant, il fait référence à un prélèvement bancaire qui pourrait être lié à la facturation de son service. Il est nécessaire de vérifier l'état du compte.",Nous sommes désolés si vous avez rencontré des difficultés concernant le prélèvement bancaire lié à votre facture. Nous allons vérifier immédiatement et nous vous recontacterons dans les plus brefs délais.,Equipe Facturation
1711773973401235737,2023-10-10 16:01:33,"<BRAND:free> <USER> <USER>

En 3 ans l’équipe technique de Free (le « BOC » m’a t’on dit) n’est pas capable d’amener 3 mètres (ou moins!) de câble Fibre, afin que j’ai la fibre (cercle rouge) comme mes voisines dont nos maisons sont mitoyennes (cercles verts). Satisfaisant?! <URL>","[""Reseau/Internet""]",Reseau/Internet,négatif,2,2,a_traiter,Difficultés avec installation de la fibre à domicile,michfrapp,auto,L'utilisateur a signalé des difficultés pour obtenir un accès à la fibre optique malgré l'installation d'un câble Fibre dans sa voisine mitoyenne.,"Désolé pour votre inconvenient, nous examinerons immédiatement ce qui s'est passé et revenirons vers vous en MP avec une solution adaptée.",Equipe SAV
1759266279620247842,2024-02-18 17:19:01,".<BRAND:free> a 25 ans et tient toujours ses promesses en terme de pouvoir d’achat et d’innovation. 3 quinquennats sans toucher aux prix de nos forfaits mobiles, voilà une promesse à laquelle les français peuvent croire🇫🇷🙏🔥","[""Facturation"", ""facturation""]",Facturation,positif,1,1,a_traiter,Celebration de 25 ans sans augmentation des prix de forfaits mobiles,TomReynaud1789,auto,"Le utilisateur a louangé Free pour avoir tenu ses promesses en terme de pouvoir d'achat et d'innovation pendant 25 ans, n'ayant jamais touché aux prix de nos forfaits mobiles. Les Français peuvent donc croire dans cette promesse.","Nous sommes heureux que vous soyez satisfait avec notre offre pendant 25 ans ! Si vous avez des questions ou des préoccupations supplémentaires, n'hésitez pas à nous contacter.",Support/SAV
1762571081402011959,2024-02-27 20:11:07,Ça fonctionne super bien la Fibre Free ce soir... Franchement c'est abusé. Déjà l'autre soir la TV de Free (OQEE) était carrément indisponible ! #FTTH #fibre #Free #Var <BRAND:freebox> <USER> <BRAND:free> <URL>,"[""Box/TV"", ""facturation"", ""prelevement""]",Box/TV,positif,2,1,a_traiter,"Client satisfait avec Free Fibre et TV, cite un problème passé",nephthys,auto,Le client fait part de son avantage actuel avec la Free Fibre cette soirée mais rappelle un problème rencontré précédemment concernant sa Freebox Multi-TV (OQEE).,"Nous regrettez l'expérience que vous avez eue avec votre TV Free (OQEE) l'autre soir. Si vous rencontrez encore des problèmes, n'hésitez pas à nous contacter!",Equipe Box/TV
1811040987365421110,2024-07-10 14:13:13,"<USER> et tout le réseau <BRAND:freebox> sachez qu'une main courante va être déposée, et ira plus loin s'il le faut.
6 appels en 24h avec 6 numéros différents quand je demande de retirer mon numéro de vos bases de données c'est du harcèlement.
Vos forfaits de merde j'en veux pas.","[""Facturation"", ""facturation"", ""harcelement""]",Facturation,négatif,3,2,a_traiter,Rapport d'intimidation envers le client,FrenchTea13,auto,"Le client affirme être victime de harcèlement téléphonique avec plusieurs appels inopinés et numéros différents, et demande que son numéro soit retiré des bases de données de Freebox. Il est également déplorant que les forfaits proposés soient de mauvaise qualité.","Nous sommes désolées pour cette expérience déplorable, <USER>. Nous prendrons immédiatement contact avec notre équipe de support technique pour résoudre ce problème. En attendant, veuillez nous communiquer les numéros des appels reçus pour une analyse approfondie.",Equipe SAV
1812874502642049501,2024-07-15 15:38:57,"<BRAND:free> <USER> Installer la fibre sans autorisation du propriétaire et en perçant de partout, c'est normal ?","[""Reseau/Internet"", ""Installation illégale""]",Reseau/Internet,négatif,2,2,a_traiter,Concernant l'installation de fibre sans autorisation,Tubbydev,auto,L'utilisateur a demandé si c'est normal d'installer la fibre optique sans le consentement du propriétaire. Il semble y avoir une question de légalité à traiter et il est important de répondre rapidement pour éviter toute confusion.,"Nous vous recommandons fortement de ne pas prendre des mesures illégales pour installer la fibre optique. Pour en savoir plus sur l'installation légale, veuillez contacter notre service clientèle. Nous sommes là pour vous aider.",Equipe Reseau
1813254932449140912,2024-07-16 16:50:39,<BRAND:free> 13 minutes 13 sec!!!!! c'est le temps ENCOREE UNE FOIS PERDU à attendre après free pour résoudre un problème récurent !! INCOMPÉTENCE !!!! Ils ne répondent jamais!!!!! <URL>,"[""Facturation"", ""facturation""]",Facturation,négatif,3,2,a_traiter,Client en colère pour une récurrence de problème lié à la facturation,Ben29072013,auto,Le client est très frustré parce qu'il continue d'attendre des solutions à un problème récurrent concernant sa facturation. Il accuse Free d'incompétence et de ne pas répondre.,"Nous sommes désolés pour votre frustration, Monsieur/Madame. Nos équipes travaillent activement pour résoudre ce problème récurrent concernant la facturation. Pourrait-il vous falloir un rappel de facture ou une modification de paiement ?",Equipe Support/SAV
1813267588560134325,2024-07-16 17:40:56,"J'avais vu juste et il n'aura finalement fallu attendre que quelques heures.

Free ajoute actuellement les versions HDR de France 2 UHD et France 3 UHD !

De mauvais élève, et après de nombreux messages de mécontentements sur l'absence de HDR, <USER> <BRAND:freebox> passe en tête en proposant dorénavant deux versions : SDR et HDR. De quoi satisfaire tout le monde (pour ceux qui ont des problèmes avec le HDR) 🥳

France 2 UHD : canal 102
France 2 UHD HDR : canal 103
France 3 UHD : canal 104 (ex canal 103)
France 3 UHD HDR : canal 105

Dispo suivant la freebox (mettez en commentaire si vous l'avez, ou pas, sur votre Freebox 4K), quelques bugs actuellement (le temps de mettre en place les flux)

(photo discord jartabul)","[""Box/TV""]",Box/TV,positif,0,1,clos,Nouvelle offre HDR pour les chaînes France 2 UHD et France 3 UHD,ultrakfr,auto,"Le client met en avant l'arrivée des versions HDR de France 2 UHD et France 3 UHD sur Free, remerciant la société de cette mise à disposition. Il souligne que les canaux sont disponibles sur le canal 102 pour la version SDR et le canal 105 pour la version HDR.","Merci de t'être informé ! Cette nouvelle offre est dès à présent disponible sur ton écran Freebox 4K. Pour toute question complémentaire, ne hesite pas à nous contacter via DM. 😄",Equipe Support/SAV
1813579520819286432,2024-07-17 14:20:27,"Le service proximité de <BRAND:free> 1 des plus grosses arnaques de ces dernières années.Incompétents et complètement dépassés.Tu en sais plus qu'eux,tu leur dis ce qui marche pas,tu prends un rendez-vous avec un technicien qui vient que ds 1 semaine!
Pratique pour le télétravail!
Plus de reponse","[""Facturation"", ""facturation""]",Facturation,négatif,3,2,a_traiter,Client en colère à propos de la facturation du service Box/TV.,_Kirikou_,auto,Le client a exprimé sa colère envers le service Free Proximité pour des problèmes de facturation. Il se plaint également d'une incompétence et de complètement dépassés des techniciens envoyés dans son domicile.,"Nous sommes désolés pour la gêne occasionnée et pour les mauvaises expériences que vous avez eu avec notre service. Nous allons nous préoccuper de votre dossier en priorité pour trouver une solution adéquate au problème de facturation. Pour cela, nous avons besoin de plus d’informations sur votre numéro de client ou l'ordre d'intervention. N'hésitez pas à nous contacter en direct",Equipe SAV
1813581407668871481,2024-07-17 14:27:56,"<BRAND:free> comment vous joindre ? j'ai été débité pour non restitution de matériel pour une résiliation de ligne que je n'ai pas effectuée moi même, impossible de vous joindre car mes identifiants n existent plus, vos relances sont arrivées directement.","[""Facturation"", ""facturation"", ""prelevement""]",Facturation,négatif,3,2,a_traiter,Débit non justifié pour résiliation de ligne non effectuée,fannnoche,auto,Le client a été débité pour une résiliation de ligne qu'il n'a pas effectuée. Il n'est plus en mesure de nous contacter car ses identifiants ont disparu et les relances sont arrivées directement.,"Nous sommes désolés pour le temps de malheur vécu et nous comprenons votre inquiétude. Nous allons examiner votre dossier immédiatement afin de corriger ce problème. Pour cela, pouvez-vous transmettre votre numéro de ligne ou identifiant client en message privé?",Equipe SAV
1813586665371513000,2024-07-17 14:48:50,<BRAND:free> ma fibre HS depuis 3 semaines <URL>,"[""Reseau/Internet""]",Reseau/Internet,positif,0,1,clos,Utilisateur est heureux avec sa fibre HS depuis 3 semaines,tud0z,auto,L'utilisateur a déclaré avoir utilisé la fibre HS pendant les trois dernières semaines et semble être satisfait. Il n'a pas signalé de problème spécifique.,"Bonjour ! Nous sommes ravis que votre expérience avec notre fibre HS soit satisfaisante depuis trois semaines. Si vous avez besoin d'aide ou d'informations supplémentaires, n'hésitez pas à nous contacter.",Equipe SAV
1813586931986698575,2024-07-17 14:49:54,<BRAND:free> Vous pouvez m’envoyer les avengers de la fibre s'il vous plaît les mêmes que j’ai chez <USER> ça fait 1mois que j’attend,"[""Facturation"", ""Prelevement""]",Facturation,positif,1,2,a_traiter,Demande d'information sur les avengers de fibre chez un autre fournisseur,mglp__,auto,"L'utilisateur a demandé d'envoyer les avengers de la fibre que ce dernier a chez <USER>, indiquant qu'il attend depuis 1 mois. Il y a donc besoin de vérifier sa demande et de lui en informer.","Désolé pour votre longue attente, nous sommes prêt à vous aider avec votre demande d'avengers de fibre. Veuillez nous envoyer vos renseignements et nous contacter par DM.",Equipe Support/SAV
1813604838682325386,2024-07-17 16:01:03,"Bon je travaille En remote chez moi et ça fait 1 semaine que j’ai plus de connexion avec <BRAND:free> , ils ont envoyé un technicien qui a dit « on vous envoie un autres tech » et depuis plus de nouvelles, de base je kiff free, <USER> le boss etc etc mais la ,,,.","[""Reseau/Internet"", ""facturation"", ""connexion""]",Reseau/Internet,neutre,2,1,a_traiter,Client a des problèmes de connexion depuis une semaine avec Free.,Lorkydey,auto,"Le client affirme qu'il travaille en télétravail chez lui et a rencontré des difficultés de connexion avec son opérateur Free depuis 1 semaine. Il indique que le technicien envoyé les a informé qu'un autre sera envoyé, mais il n'a eu aucune nouvelle depuis.","Nous sommes désolés pour l'inconvénient causé par cette connexion instable. Nous allons travailler à résoudre le problème au plus vite et vous informer des progrès. Si besoin, veuillez nous contacter à tout moment.",Equipe SAV
1813625655374098443,2024-07-17 17:23:46,<BRAND:free> il va falloir revoir la sélection des installateurs de fibre optique !!! J’ai pas commandé un fil pour étendre mon linge … le voisin non plus ! Donc va falloir revenir !!! <URL>,"[""Reseau/Internet"", ""Commande/Livraison""]",Reseau/Internet,négatif,2,2,a_traiter,Problème avec la commande de fibre optique,Marc_Vador,auto,L'utilisateur a signalé un problème avec sa commande de fibre optique. Il n'a pas reçu le fil qu'il avait commandé et son voisin en a également manqué. Le problème semble être de la part du service d'installation.,Nous sommes désolés pour ce problème qui vous a été causé. Nous allons vérifier immédiatement l'état de votre commande et nous vous en informerons rapidement. Pensez à nous envoyer votre numéro de client par DM.,Equipe Support
1813628840624943206,2024-07-17 17:36:25,"<USER> <USER> <USER> <BRAND:freebox> Bonjour
Comptez vous intégrer les versions HDR de FR2 et FR3 sur les applis Oqee TV hors player pop (LG TV) ? Et si oui, sous quel délai approximatif (à temps pour les JO) ?
Nous sommes nombreux à utiliser l'appli sans le décodeur, ce serait très appréciable.
Merci par avance","[""Box/TV"", ""Application""]",Box/TV,neutre,2,1,a_traiter,Réponse à propos de la mise à jour HDR des applis Oqee TV,gurbain69,auto,"Le client demande si les versions HDR de FR2 et FR3 seront intégrées sur les applis Oqee TV pour LG TV. Il souhaite savoir sous quel délai approximatif cela sera fait, car il utilise l'application sans le décodeur.",Nous sommes désolés pour cette inconvenience. Vérifions actuellement la possibilité de mettre à jour les versions HDR des applis Oqee TV sur les LG TV. Nous vous contacterons par la suite en MP.,Equipe SAV
1813633896136994907,2024-07-17 17:56:31,"<USER> <BRAND:freebox> <USER>
1/2
Salut Free je désespère.....
Client depuis 20 ans payant à chaque fois le renouvellement de mes box plein tarif sans jamais un geste commercial pour ses vieux clients.
Je subis depuis le moi de juin des coupures intempestifs de ma ligne","[""Facturation"", ""facturation"", ""récurrence de paiement""]",Facturation,négatif,3,2,a_traiter,Client de longue date mécontent d'avoir toujours payé à plein tarif sans récompense commerciale,Motsen78,auto,"Le client a souffert depuis juin de coupures intempestives de sa ligne Freebox et s'est plaint que, malgré son statut de client ancien, il n'a jamais reçu aucun geste commercial. Il regrette notamment d'avoir toujours payé à plein tarif pour le renouvellement de ses box.","Chère [@USER], nous voulons vraiment vous excuser des difficultés que vous avez rencontrées avec votre ligne Freebox. Nous sommes prets à enquêter sur ce problème et à vous proposer une solution adaptée à vos besoins. Pour cela, merci de nous contacter via un message privé avec votre identifiant client.",Equipe SAV
1813652642113229136,2024-07-17 19:11:00,<BRAND:freebox> de l’aide s’il vous plaît 🙏🏼 <URL>,"[""Support/SAV/Reclamation"", ""support/sav/reclamation""]",Support/SAV/Reclamation,négatif,1,2,a_traiter,Nos clients ont des difficultés avec notre marque Freebox,soulakhey,auto,"Le tweet contient une demande d'aide pour le produit Freebox, indiquant un problème. Le contexte RAG renseigne sur l'objet de reclamation et la nature négative de celle-ci.",Nous sommes désolés que vous ayez eu des difficultés avec notre produit Freebox. Nous nous occupons de votre demande et vous contacterons bientôt. Vous pouvez également nous contacter en DM pour accélérer le traitement.,Equipe SAV
1813672057575731665,2024-07-17 20:28:09,"<BRAND:free> <USER> Ne passez pas chez free !!!! Depuis le mois de mai, j'attends qu'ils me rendent ma clé avec laquelle l'installateur free est parti !!","[""Compte/Acces"", ""facturation"", ""clé""]",Compte/Acces,négatif,3,2,a_traiter,Client attend la clé depuis mai,coWiqx,auto,Le client nous signale qu'il est privé de sa clé depuis le mois de mai. Il a été visité par un installateur Free mais n'a pas reçu la clé promue.,Nous en sommes désolés pour votre inconvenient. Nous allons vérifier l’état de votre demande et nous mettrons un terme à cette situation au plus tard dans les 72 heures. Merci de votre patience.,Equipe SAV
1813684903856468282,2024-07-17 21:19:12,<BRAND:freebox> pourquoi j’ai des bugs de connexion wsh je paye la fibre,"[""Reseau/Internet""]",Reseau/Internet,négatif,3,2,a_traiter,Problème de connexion Wi-Fi avec la fibre Freebox,Darknig78166491,auto,L'utilisateur rencontre des problèmes de connexion Wi-Fi lorsqu'il utilise la fibre Freebox. Il souhaite savoir pourquoi cela se produit.,Nous sommes désolés que vous ayez des problèmes de connexion avec votre Freebox. Il est possible que ce soit une question de configuration ou d'un problème technique. Nous allons vérifier et vous contacter pour vous fournir plus de détails.,Equipe SAV
1813698687253746036,2024-07-17 22:13:58,"Merci <BRAND:free> de m'avoir fait passer une ""super"" soirée en live et merci pour ces 2 déconnexions pour une mise à jour de la box en pleine soirée...

En l'espace de 2 mois j'ai déjà eu 2 soucis majeur de connexion avec votre box.... et ça sans JAMAIS aucun geste commercial...","[""Box/TV"", ""connexion""]",Box/TV,négatif,2,2,a_traiter,Problème de connexion récurrent avec la box Free,HugoRLT__,auto,Le client est inquiet car il a déjà rencontré deux soucis majeurs de connexion en deux mois. Il ne reçoit pas de geste commercial mais reste client de Free.,"Chers @username, nous sommes désolés pour cette situation. Nous allons mettre toute notre énergie pour résoudre ce problème et vous rapporter des nouvelles. Pour cela, veuillez nous donner vos coordonnées via DM.",Equipe Support
1813864570282541144,2024-07-18 09:13:08,Bonjour <BRAND:free> je cherche à modifier des mots de passe de boîtes mails qui sont gérés chez vous sur des domaines un peu vieux. Comment peut-on faire ça n'a pas l'air possible via la page webmail free,"[""Compte/Acces"", ""Box/TV""]",Compte/Acces,neutre,1,2,a_traiter,Modification de mot de passe des boîtes mails sur un domaine ancien chez Free,tontonyoy,auto,L'utilisateur souhaite modifier les mots de passe de ses boîtes mails qui sont associées à des domaines anciens chez Free. Il a constaté que cela ne semble pas possible via la page webmail Free.,"Pour changer le mot de passe de votre boîte mail sur un domaine ancien, veuillez contacter notre service client dédié. Vous pouvez nous joindre par téléphone ou via notre assistance en ligne. Nous serons heureux d'assister à vos demandes.",Equipe Support/SAV
1813867624843055326,2024-07-18 09:25:16,"<BRAND:freebox> Bonjour, mes parents ont fait leur inscription ( enfin ! ) le 9, et depuis pas de nouvelle toujours bloqué à cette étape, c'est normal ? <URL>","[""Commande/Livraison""]",Commande/Livraison,neutre,1,2,a_traiter,Votre inscription à Freebox n'a pas été terminée.,hnchck,auto,"Le client a signalé qu'il a fait une inscription pour le service Freebox depuis le 9, mais il est toujours bloqué à cette étape. Il souhaite savoir si cela est normal ou s'il y a un problème.",Nous sommes désolés pour l'expérience que vous avez vécue. Nous allons rechercher le statut de votre inscription et vous informer de nos progrès dans la plus courte délai possible. Merci de patience.,Equipe Support/SAV
1813886775799984228,2024-07-18 10:41:22,"<BRAND:freebox> c’est normal des signalements pour pertes de synchro (des dizaines de fois par jour), des rendez-vous techniciens annulé sans prévenir le client, une assistance téléphonique qui indique que la ligne est rétablie alors que la Freebox est en étape 3? #freeboxUltra","[""Reseau/Internet"", ""Support/SAV/Reclamation""]",Reseau/Internet,négatif,3,2,a_traiter,Problèmes de synchronisation répétés sur Freebox Ultra,AnthonyPiresG,auto,Le client signale des pertes de synchronisation fréquentes pour son Freebox Ultra. Il a également été informatisé que ses rendez-vous techniques ont été annulés sans préavis et que l'assistance téléphonique indique que sa ligne est rétablie alors que la Freebox est en étape 3.,"Désolé pour le temps que vous avez subi, nous allons chercher une solution au problème de synchronisation récurrent de votre Freebox Ultra. En attendant, rappelons-vous que la Freebox doit être placée près d'une fenêtre pour une meilleure connexion. Si le problème persiste, merci de nous contacter à nouveau.",Equipe SAV
1813977091500802109,2024-07-18 16:40:15,<BRAND:freebox> je ne comprend pas une amie abonnée chez vous avec la delta depuis 2 ans on lui a offert les frais de migration vers la ultra. Moi je suis abonné chez vous depuis 2009 et a moi on me fait payer les frais de migration vers la ultra inadmissible,"[""Facturation"", ""facturation"", ""prelevement""]",Facturation,négatif,2,2,a_traiter,Client en colère pour frais de migration vers Freebox Ultra malgré fidélité depuis longtemps,jacquesnote,auto,Le client a signalé son inconvenient pour le fait d'avoir été sollicite à payer des frais de migration vers la Freebox Ultra alors qu'il est abonne depuis 2009. Son amie abonnée chez vous depuis 2 ans a beneficie de l'offre gratuite de migration vers cette box.,"Désolé pour votre incomprehension, nous allons étudier votre demande. Pouvez-vous me fournir les informations nécessaires ? Nous voulons vous aider le plus rapidement possible.",Equipe SAV
1814009656504885552,2024-07-18 18:49:39,Depuis le 23/06 je suis en attente d’un rendez-vous pour la fibre chez <BRAND:free> je suis du coup pas encore client et je pense qu’a cette allure là je ne le serai jamais !! Honteux,"[""Facturation"", ""facturation"", ""prelevement""]",Facturation,négatif,3,2,a_traiter,Client en attente de rendez-vous pour la fibre Free depuis le 23/06 et déplore ne jamais devenir client,Y__htz,auto,"Le client est en attente de rendez-vous pour l'installation de la fibre chez Free depuis le 23 juin. Il s'estime pas encoreclient et se sent humilié par cette expérience, ce qui pourrait mener à une résiliation.","Nous sommes désolés que vous aiez eu ce genre d'expérience avec Free. Nous rechercherions le temps le plus tôt possible pour effectuer la visite de rendez-vous. Pour cela, merci de nous donner votre numéro de client et de vérifier que les informations de contact sont correctes.",Equipe SAV
1814030614103785545,2024-07-18 20:12:56,<USER> <BRAND:free> <BRAND:free> dépêchez vous,"[""Support/SAV/Reclamation"", ""facturation"", ""prelevement""]",Support/SAV/Reclamation,neutre,1,1,a_traiter,<USER> a signalé un problème de facturation à <BRAND:free>,ariii_miss,auto,<USER> a contacté <BRAND:free> pour signaler qu'il y a une difficulté concernant le paiement de sa facture. Il demande d'être aidé rapide.,Nous sommes désolés que vous ayez eu cette expérience <USER>. Nous allons nous occuper de votre problème à ce moment même et vous tiendrons informé(e) dans les meilleurs délais.,Equipe SAV
1814031065990001071,2024-07-18 20:14:43,<USER> <BRAND:free> moi aussi j'attend le technicien depuis une semaine,"[""Facturation"", ""facturation""]",Facturation,neutre,1,2,a_traiter,Attente de technicien pour résoudre incident depuis une semaine,bavrooo,auto,"L'utilisateur a indiqué attendre le technicien depuis une semaine, tout en souhaitant un déblocage rapide. L'incident semble être lié à la box/TV car le client est un abonné de Free.","Désolé pour l'inconvénient, nous continuons à travailler sur une solution pour votre incident. Vous serez contacté dès que possible par notre équipe technique.",Equipe Box/TV
1814034736118927866,2024-07-18 20:29:18,"<BRAND:free> allo,avez vous des nouvelles pour le réseau s'il vous plaît ???","[""Facturation"", ""facturation""]",Facturation,neutre,1,1,a_traiter,Avez-vous de nouvelles sur les factures ?,GTrotereau,auto,"L'utilisateur a demandé à savoir si il y a des nouvelles sur le réseau, mais nous avons détecté un thème de facturation. L'utilisateur souhaite peut-être connaître les dates de son prochain paiement ou avoir des informations sur son dernier compte.","Nous sommes désolés pour votre inquiétude, nous contacterons très bientôt pour vous fournir plus d'informations sur votre facture. Veuillez patienter un moment.",Equipe SAV
1814035247333253492,2024-07-18 20:31:20,<USER> <BRAND:free> Non plus rien depuis 15 mn même Coralie est chez Free en téléphonie et pas de réseau,"[""Reseau/Internet"", ""reseau""]",Reseau/Internet,négatif,2,3,a_traiter,<USER> a un problème de réseau depuis 15 minutes,GTrotereau,auto,"<USER> n'a plus de connexion internet depuis environ 15 minutes. Il s'adresse à Free en téléphonie, mais pas de réponse.","Désolé pour ce désagrément, <USER>. Notre équipe est engagée pour vous aider au plus vite possible. Veuillez patienter un peu et nous contacter à nouveau s'il y a encore des problèmes.",Equipe Support
1814081417405497766,2024-07-18 23:34:48,rendez la wifi <BRAND:free>,"[""Reseau/Internet""]",Reseau/Internet,neutre,1,1,a_traiter,Problème avec la WiFi Free,gnabxnahc,auto,Utilisateur a signalé un problème de connexion à sa WiFi Free. L'identifiant du client est demandé pour enquête.,"Nous sommes désolés pour votre inconvenient, nous avons besoin de votre identifiant client pour vous aider mieux. Envoyez-le nous sur DM.",Equipe Support/SAV
1814208069481422980,2024-07-19 07:58:04,<BRAND:freebox> Non mais vous répondre trois jours après... Super le service après vente,"[""Facturation"", ""facturation"", ""prelevement""]",Facturation,négatif,3,2,a_traiter,Délai de réponse trop long pour le support après-vente.,Ben29072013,auto,"Le client a signalé un problème de facturation avec un retard dans la réponse du service après-vente de FreeBox. Il est désolé, mais les trois jours d'attente avant une réponse sont considérés comme trop longs.",Nous sommes désolés pour ce retard et nous comprenons votre inquiétude. Nous allons vous rappeler en priorité sur le temps imparti et essayer de vous répondre le plus rapidement possible.,Equipe SAV
1814215859520352478,2024-07-19 08:29:02,<BRAND:freebox> Bonjour j'ai fait installer votre box depuis 10 min. Mais comment on fait pour avoir un être humain en ligne pour assistance ? Impossible au 3244 ni au 1044. Merci,"[""Facturation""]",Facturation,neutre,1,1,a_traiter,Vous demandez d'avoir un agent en ligne pour l'assistance.,MasimSaid,auto,Le client a déclaré que sa Freebox TV est installée depuis 10 minutes mais qu'il est impossible de joindre un représentant humain via les numéros indiqués. Il demande une assistance en ligne pour régler l'installation.,"Je suis désolé pour la difficulté rencontrée. Nous sommes là pour vous aider. Pour réglage de votre box Freebox TV, nous pouvons utiliser la chatbot Free ou vous appeler plus tard. Quelle méthode préférer ?",Equipe Support/SAV
1814220122342470038,2024-07-19 08:45:58,"<BRAND:freebox> bonjour Free. Cela fait 1 mois que je n'ai plus internet. Un rendez-vous avait été fixé puis annulé pour, je cite puisque vous deviez intervenir dans ""les plus brefs délais"".
Nous 'avons as la même notion de bref délais.
Que faut-il faire pour avoir internet ?","[""Reseau/Internet""]",Reseau/Internet,négatif,3,2,a_traiter,Client a encore internet depuis un mois,Dorban,auto,"Le client indique qu'il n'a pas d'internet depuis un mois. Un rendez-vous a été fixé puis annulé pour une intervention dans les plus brefs délais, ce qui n'a pas encore abouti à la résolution du problème.",Désolé pour votre désagrément. Nous sommes en train d'examiner le cas immédiatement et nous vous mettrons en contact au plus vite pour trouver une solution. Merci de votre patience.,Equipe SAV
1814232564715966700,2024-07-19 09:35:24,"<USER> <BRAND:free> <BRAND:freebox>
Bonjour Monsieur Niel
Voila plus 20 ans que j'encense Free depuis Freesurf !
J'ai tous mes forfaits chez vous ...
Depuis le 15 fev maintenant, je n'ai plu la fibre pro dans ma société qui, de fait, est en péril ... Que faire ???
Quelle déception ...","[""Facturation"", ""facturation""]",Facturation,négatif,3,2,a_traiter,Client en colère depuis le 15 février pour une interruption de la fibre pro,MichaelPincebo1,auto,Le client a été un abonné Free depuis plus de 20 ans et est actuellement déçu car il n'a pas eu de fibre Pro depuis le 15 février. Il demande à savoir ce qui peut être fait.,"Nous sommes désolés pour l'inconvénient que vous avez rencontré, Monsieur Niel. Notre équipe est en train de travailler sur cette affaire pour trouver une solution rapide. Merci de patienter un peu plus.",Equipe Support/SAV
1814238911964512258,2024-07-19 10:00:38,<BRAND:free> Normal pour vous qu'un des vos employés a souscrit a ma place sans mon accord un abonnement Free mobile et que l'on me demande d'envoyer un courrier de rétractation pour un abonnement que JE n'ai pas pris ?,"[""Facturation"", ""Resiliation""]",Facturation,négatif,2,2,a_traiter,Un abonnement mobile inattendu payé sur votre compte,TabaryErwin,auto,L'utilisateur a rapporté qu'un employé de Free s'est inscrit pour un abonnement mobile sur son compte sans son accord. Il est demandé d'envoyer un courrier de rétractation pour cet abonnement payé. Cette situation est considérée comme injustifiée et nécessite une action rapide.,"Nous sommes désolés pour cette incompréhensible erreur et vous souhaitons des excuses. Nous avons immédiatement vérifié votre situation, et nous allons mettre fin à cet abonnement inattendu avec immédiateté. Veuillez nous contacter si vous avez d'autres questions ou besoins.",Equipe SAV
1814253298322477539,2024-07-19 10:57:48,<USER> <BRAND:freebox> Dites <BRAND:freebox> vous n’avez pas honte de couper toute connexion et d’afficher un message d’erreur sur la freebox « contactez un technicien pour installer la fibre » c’est quoi ce forcing en pleines vacances d’été? Vous pouvez pas attendre la rentrée? On n’est pas encore en 2025!,"[""Facturation"", ""facturation"", ""erreur""]",Facturation,négatif,2,2,a_traiter,Connexion coupée et message d'erreur sur Freebox,cavasesavoir2,auto,"L'utilisateur a constaté une coupure de connexion sur sa Freebox avec un message d'erreur indiquant le besoin de contacter un technicien pour installer la fibre. Cela se produit en pleine période des vacances d'été, ce qui peut être source d'inconvenients pour l'utilisateur.","Nous sommes désolés de ce problème. Nous avons pris connaissance de votre situation et enquêterons immédiatement afin de trouver une solution efficace. Merci de patienter quelques instants, et nous recontacter à l'aide du lien ci-dessous pour vous mettre en relation avec notre équipe technique : [Lien].",Equipe SAV
1814266726114107603,2024-07-19 11:51:09,"<BRAND:free> 3 semaines sans internet et rien ne bouge malgré plusieurs appels, des rendez-vous techniciens annulés... Chez free quand ça fonctionne c'est bien mais quand il y a un problème technique il n'y a plus personne, ni même au téléphone. Chez free j'ai tout compris : FUIR !","[""Facturation"", ""facturation"", ""prelevement""]",Facturation,négatif,2,3,a_traiter,"Client sans internet durant trois semaines, avec annulation de rendez-vous techniques.",reisen67,auto,"Le client est en colère car il n'a pas d'internet depuis trois semaines, malgré plusieurs appels. Les rendez-vous techniques ont été annulés et il reproche à Free qu'il y ait personne pour répondre lorsqu'il y a un problème technique.","Désolé pour votre souffrance, nous allons faire tout notre possible pour rétablir votre service. Nous avons enregistré votre demande et vous contacterons dès que possible.",Equipe SAV
1814276844889289006,2024-07-19 12:31:22,"Impossible de contacter l’assistance free si c’est pas avec le numero de mobile de la personne concernée ! Super, on peut pas aider les retraités !! <BRAND:freebox>","[""Compte/Acces""]",Compte/Acces,négatif,1,2,a_traiter,Impossible de contacter l'assistance Free pour changer le mot de passe,Francedz213,auto,L'utilisateur a signalé des difficultés à contacter l'assistance Free via un autre numéro que le mobile de la personne concernée et souhaite changer son mot de passe Free Foot. Il est soulagé d'avoir pu écrire en message privé pour lui fournir ses informations.,"Nous sommes désolés d’entendre que vous avez eu des difficultés à contacter l'assistance Free. Si vous devez changer votre mot de passe, n'hésitez pas à nous écrire en message privé avec vos informations client et nous répondrons dans les plus brefs délais.",Equipe Support
1814296005510144260,2024-07-19 13:47:30,"<USER> <BRAND:free> l’assistance Free devient complètement aberrante, l’invention de Proxy n’arrange pas moins la situation","[""Support/SAV/Reclamation"", ""Facturation"", ""Proxies""]",Support/SAV/Reclamation,négatif,1,2,a_traiter,Une situation inacceptable avec Proxies Free,enzonaute,auto,"Le client <USER> a signalé un problème avec l'assistance Free, décrivant la situation comme inacceptable. Il mentionne les Proxy et souligne qu'ils ne parviennent pas à régler la situation.","Nous sommes désolés pour cette expérience déplorable et voulons vraiment vous aider. Nous avons noté votre problème avec les Proxy Free, et nous allons le traiter en priorité. Merci de garder la ligne ouverte pour nous fournir plus d'informations si nécessaire.",Equipe SAV
1814299035529834820,2024-07-19 13:59:32,<USER> abonnée myCANAL via <BRAND:free> je n’ai pas récupéré la diffusion sur mon téléviseur….ça fonctionne sur tablette…est-ce normal?,"[""Facturation"", ""Télévision""]",Facturation,négatif,1,2,a_traiter,Problème de réception de la diffusion sur le téléviseur,MissWlad,auto,"L'utilisateur a subi des difficultés à recevoir une diffusion sur son téléviseur, alors qu'il peut recevoir cette même diffusion sur sa tablette. Il demande à savoir si cela fonctionne normalement.",Nous sommes désolés pour votre inconvénient. Une analyse rapide de votre problème est en cours. Merci d'attendre notre contact pour plus d'informations.,Equipe Support/SAV
1814306411746054410,2024-07-19 14:28:51,<USER> <BRAND:free> <USER> Sa donne que j’ai besoin de couverture au travail help me !! saint Pol sur Ternoise 62130 <URL>,"[""Facturation"", ""facturation"", ""prelevement""]",Facturation,négatif,2,2,a_traiter,Client demande couverture au travail à Saint Pol sur Ternoise,raynald62,auto,Le client a demandé de l'aide pour une couverture au travail à Saint Pol sur Ternoise. Il fait référence aux factures et prélevés.,Nous sommes désolées que vous ayez des problèmes avec votre couverture au travail. N'hésitez pas à nous contacter pour obtenir de l'aide rapide.,Equipe Support/SAV
1814314333343465484,2024-07-19 15:00:20,<USER> <USER> <BRAND:freebox> Toujours de chaine 103 et 104 HDR sur <USER> sur ma tv samsung.,"[""Box/TV""]",Box/TV,positif,0,1,clos,Vous utilisez bien votre Freebox Multi-TV avec succès.,mrkilkenny91,auto,Le client mentionne qu'il utilise actuellement ses chaînes HDR sur sa télévision Samsung en utilisant la Freebox Multi-TV. Il semble satisfait du service.,"Merci de votre message ! Vous utilisez bien votre Freebox Multi-TV avec succès.
N'hésitez pas à nous contacter si vous avez des questions ou problèmes.",Support/SAV
1814327641547145515,2024-07-19 15:53:12,<BRAND:free> c'est normal de balader vos clients victimes d'un écrasement de ligne pendant un mois sans aucune information sur un délai d'intervention ? Pourtant la loi vous donne 8 jours pour rétablir la connexion. Ou alors free je n'ai pas tout compris,"[""Facturation"", ""facturation""]",Facturation,négatif,3,2,a_traiter,Client en colère car la Free n'informe pas sur le délai pour rétablir une connexion après un écrasement de ligne pendant un mois.,ADianeadam,auto,"Le client se plaint d'un manque d'information depuis un mois sur la durée nécessaire pour réparer un écrasement de ligne, alors que la loi fixe un délai maximal de huit jours. Il semble en colère et demande des explications.","Nous sommes désolées que vous ayez subi ce problème pendant autant de temps, nous avons pris connaissance de votre situation et nous sommes en train de procéder à la réparation. Votre patience est appréciée.",Equipe SAV
1814334384704565600,2024-07-19 16:20:00,<BRAND:freebox> je n’en peux plus 1 mois que la box s’arrête en pleine journée pour ne redémarrer qu’a 23h impossible de vous joindre ! C’est terminé je résilie. À ce niveau c’est de l’incompétence.,"[""Resiliation"", ""Facturation""]",Resiliation,négatif,2,2,a_traiter,Client colérique annonce la résiliation de son abonnement en raison d'une Freebox qui se rétablit tard dans la journée.,CalieeeFourchon,auto,"Le client, frustré par un débit internet irrégulier et l’impossibilité de joindre le service client, annonce qu’il résilie son abonnement. Il considère que c'est de l’incompétence.","Nous sommes désolés pour votre expérience décevante. Nous enquêterons immédiatement et essayerons de vous apporter une solution pour que notre service soit stable dans les heures de pointe. Pour éviter toute annulation de l’intervention, veuillez nous contacter en privé avec votre numéro client.",Equipe SAV
1814336508846899237,2024-07-19 16:28:27,"<USER> <BRAND:free> il faudrait deja commencer par assurer un reseau correct ! pas de reseau mobile depuis une semaine dans le Nord des Landes, free annonce une maintenance des relais, et maintenant comme ça dure, free accuse Enedis pour une histoire de ""compteur electrique"" de qui se moque t'on ??","[""Reseau/Internet"", ""Maintenance""]",Reseau/Internet,négatif,3,2,a_traiter,Problème de réseau mobile depuis une semaine dans le Nord des Landes,JosDuklein,auto,<USER> a été sans réseau mobile depuis une semaine dans le Nord des Landes. Il a signalé un problème de maintenance des relais et accuse Enedis pour un problème d'électricité. Notre équipe doit enquêter sur cette affaire urgent.,"Désolé pour ces difficultés, <USER>. Nous sommes en train de travailler sur ce problème et vous informerons à l'instant. Merci de votre patience.",Equipe Reseau
1814336903992541578,2024-07-19 16:30:01,C’est quoi le problème avec <BRAND:free> ? La wifi de chez moi n’arrête pas de sauter. Je paye 48€ par mois pour ne pas avoir de connexion. Foutaise !,"[""Facturation"", ""facturation""]",Facturation,négatif,1,2,a_traiter,Utilisateur ne dispose pas de connexion Wi-Fi malgré paiement mensuel,DebyZknd,auto,"L'utilisateur se plaint d'un problème récurrent d'annulation de son accès internet chez lui, pour lequel il paie un montant mensuel de 48€. Il s’exprime négativement envers la marque Free.",Nous comprenons votre frustration et nous sommes désolés de l'expérience que vous avez avec nous. Nous allons vous contacter rapidement pour trouver une solution à ce problème.,Equipe SAV
1814348139559612633,2024-07-19 17:14:40,"Commence vraiment à m'agacer <BRAND:freebox>. 3 jours pas de Tv pas d'internet, censé être rétabli à 16h, toujours rien. C'est pas la 1ere fois que ça merde","[""Reseau/Internet"", ""Box/TV""]",Reseau/Internet,négatif,3,2,a_traiter,Problème récurrent avec la box Freebox pour Tv et internet,AnaisSeref,auto,"L'utilisateur est en colère car il n'a pas de TV ni d'internet depuis 3 jours, malgré une promesse de réparation à 16h. Il indique que c'est déjà la première fois qu'il a cette situation.","Nous sommes désolés pour ce problème récurrent. Nous allons nous charger de vérifier si tout est en ordre avec votre box Freebox. Si vous avez des informations supplémentaires, ne hesitez pas à les nous communiquer.",Equipe Support/SAV
1814348364185538617,2024-07-19 17:15:33,La diffusion de <USER> interrompue depuis plus de dix’ minutes sur <BRAND:free> #freebox <BRAND:freebox>,"[""Box/TV"", ""Facturation""]",Box/TV,négatif,1,2,a_traiter,La diffusion de <USER> interrompue depuis plus d'un quart d'heure sur Free.,Fab_LCL,auto,"Le client a signalé une interruption de la diffusion depuis plus d'une demi-heure sur Free. Il s'agit peut-être d'un problème avec sa Freebox, car il mentionne la marque.","Désolé pour le gâchis de temps, <USER>. Notre équipe de SAV sera heureuse d’enquêter sur ce problème. Pour nous aider à résoudre votre problème plus rapidement, transmettez-nous votre identifiant client en message privé.",Equipe SAV
1814348631937311037,2024-07-19 17:16:37,"<BRAND:freebox> <BRAND:free>

Coucou !
Je n'arrive pas à me faire comprendre par votre conseiller,

Je souhaite avoir &gt; Freebox Ultra.
Je possède déjà un abo netflix + prime :

Je n'aurai plus qu'à payer la différence entre le tarif de votre forfait Netflix et le prix de ma formule ?","[""Compte/Acces"", ""facturation""]",Compte/Acces,positif,1,2,a_traiter,Client souhaite changer de forfait et veut savoir quelle est la différence de prix.,Lecteur_Du_Soir,auto,"Le client est déjà abonné à Netflix + Prime, il souhaite prendre le Freebox Ultra en payant seulement la différence entre son forfait actuel de Netflix et le prix de sa nouvelle formule. Il a rencontré quelques difficultés avec le conseiller.","Pour vous aider à changer de forfait, je vous suggère la formule suivante : '<forfait_recommandé>'. Elle comprend Freebox Ultra et une offre Netflix réduite. Si cela ne convient pas à vos besoins, merci de me donner des informations supplémentaires pour que nous puissions vous aider correctement.",Equipe Support/SAV
1814348648827834768,2024-07-19 17:16:41,"<BRAND:freebox> bonjour, pas mal de problème de réception chaînes, êtes-vous confronté à divers problèmes ? Merci pour votre retour","[""Reseau/Internet""]",Reseau/Internet,négatif,2,1,a_traiter,Problème de réception des chaînes Freebox,frigotier59,auto,L'utilisateur rencontre des difficultés pour recevoir les chaînes en utilisant sa Freebox. Il demande à savoir si nous avons déjà rencontré des problèmes similaires.,"Nous sommes désolés pour votre agrément, Monsieur/Madame. Nous allons vérifier la situation de vos chaînes Freebox. Veuillez nous signaler si vous rencontrez d'autres problèmes.",Equipe Support
1814350121863180290,2024-07-19 17:22:32,"<USER> <USER> <BRAND:free> <BRAND:freebox> J'ai FR2/FR3 et quelques autres où j'ai un écran noir. BFM ça s'arrête, revient, s'arrête.....","[""Reseau/Internet""]",Reseau/Internet,négatif,2,2,a_traiter,Problème de vidéo noire sur Freebox,Michaela31700,auto,L'utilisateur rencontre des problèmes répétés d'écran noir avec son Freebox. Il a déjà tenté de régler le problème mais sans succès.,"Nous sommes désolés pour votre inconvenient, <USER>. Nous allons vérifier le fonctionnement de votre connexion internet. Pour cela, pouvez-vous nous envoyer votre numéro de client via message privé?",Equipe SAV
1814351024800338122,2024-07-19 17:26:07,<USER> <BRAND:free> Je pensais être le seul ça me clc la sah,"[""Support/SAV/Reclamation"", ""facturation"", ""prelevement""]",Support/SAV/Reclamation,négatif,3,2,a_traiter,Utilisateur en colère à propos d'un prélevement sur le compte,Azyakitte,auto,L'utilisateur a signalé un problème de facturation et est en colère car une opération de prélèvement s'est déroulée malgré son accord. Il souhaite donc que notre équipe prenne contact avec lui pour régler ce problème.,"Désolé pour votre incompréhension, <USER>. Nous sommes en train de vérifier le statut de votre prélèvement et nous vous contacterons bientôt.",Equipe SAV
1814351117712818309,2024-07-19 17:26:30,"<USER> <USER> <USER> <USER> <USER> Ho <BRAND:free> c'est quoi cette merde là j'ai beau redémarrer la box,
là chaine l'équipe 21 fait que de couper
Sur mycanal ça coupe pas...","[""Box/TV""]",Box/TV,négatif,2,1,a_traiter,Difficultés avec la chaîne l'équipe 21 sur Freebox,kaelinou,auto,L'utilisateur rencontre des problèmes de réception de la chaîne L'Équipe 21 sur sa Freebox. Il a déjà essayé de redémarrer la box sans résultat.,"Nous sommes désolés pour ce malheur, <USER>. Nous allons vous contacter par DM pour diagnostiquer votre Freebox et trouver une solution rapide à votre problème. Merci de patienter.",Equipe Support/SAV
1814351196942970891,2024-07-19 17:26:49,"<BRAND:free> je tente de regarder le rugby sur <USER> là... C'est un enfer ça saute toute les 2 secondes. C'est partout chez vous ou juste moi ? En attendant je coupe, c'est infernal 😩 <URL>","[""Box/TV""]",Box/TV,négatif,1,2,a_traiter,Difficulté à regarder le rugby sur votre téléviseur satellite,Heddicmi,auto,Utilisateur est en difficulte pour regarder le rugby sur son téléviseur satellite. Il est négatif et signale que les images sautent toutes les deux secondes.,Nous sommes désolés pour votre expérience. Votre demande sera traitée par notre équipe technique. Merci de rester patient.,Equipe Support
